,model,year,distance,fuel,auto,efficiency,max_power,max_toque,method,insurance,is_genesis,price
0,현대 더 뉴 그랜저 하이브리드 2.4 HEV 르블랑,1.0,37983.0,1.0,1.0,16.2,200.0,25.1,0.0,4.0,0.0,3700.0
2,현대 더 뉴 그랜저 하이브리드 2.4 HEV  익스클루시브,3.0,43818.0,1.0,1.0,16.2,159.0,21.0,0.0,2.0,0.0,3469.0
3,현대 그랜저IG 2.4  프리미엄,5.0,61406.0,1.0,1.0,11.2,190.0,24.6,0.0,0.0,0.0,1940.0
4,현대 그랜저IG 하이브리드 2.4 HEV 익스클루시브,4.0,56098.0,1.0,1.0,16.2,199.0,26.7,0.0,0.0,0.0,2800.0
5,현대 그랜저IG 2.4  모던,5.0,47882.0,1.0,1.0,11.2,190.0,24.6,0.0,0.0,0.0,2099.0
6,현대 그랜저IG 하이브리드 2.4 HEV  익스클루시브 스페셜,4.0,65000.0,1.0,1.0,16.2,199.0,26.7,0.0,2.0,0.0,2870.0
7,현대 더 뉴 그랜저 2.5  프리미엄 초이스,2.0,50000.0,1.0,1.0,11.9,198.0,25.3,0.0,1.0,0.0,2810.0
8,현대 더 뉴 그랜저 2.5  프리미엄,3.0,48250.0,1.0,1.0,11.9,198.0,25.3,0.0,0.0,0.0,2650.0
9,현대 그랜저IG 하이브리드 2.4 HEV 익스클루시브 스페셜,3.0,19273.0,1.0,1.0,16.2,199.0,26.7,0.0,2.0,0.0,2200.0
11,현대 더 뉴 그랜저 2.5 르블랑,9.0,2596.0,1.0,1.0,11.9,198.0,25.3,0.0,0.0,0.0,2650.0
12,현대 더 뉴 그랜저 3.0 LPi   프리미엄,1.0,21062.0,0.0,1.0,7.5,235.0,28.6,0.0,0.0,0.0,3090.0
13,현대 그랜저IG 2.4  프리미엄 스페셜,6.0,54045.0,1.0,1.0,11.0,190.0,24.6,0.0,3.0,0.0,2399.0
14,현대 그랜저HG 240 모던,7.0,75941.0,1.0,1.0,11.3,190.0,25.5,0.0,2.0,0.0,1380.0
15,현대 그랜저HG 240 모던,9.0,91418.0,1.0,1.0,11.3,201.0,25.5,0.0,5.0,0.0,999.0
16,현대 그랜저IG 3.0 LPi   모던,4.0,87475.0,0.0,1.0,7.6,235.0,28.6,0.0,0.0,0.0,1850.0
17,현대 그랜저HG 하이브리드 2.4 HEV 프리미엄,8.0,69283.0,1.0,1.0,16.0,199.0,26.7,0.0,1.0,0.0,1470.0
18,현대 그랜저HG  240 모던   ,8.0,131524.0,1.0,1.0,11.3,190.0,25.5,0.0,5.0,0.0,1250.0
20,현대 더 뉴 그랜저 하이브리드 2.4 HEV 르블랑,1.0,37983.0,1.0,1.0,16.2,200.0,25.1,0.0,4.0,0.0,3700.0
22,현대 더 뉴 그랜저 하이브리드 2.4 HEV  익스클루시브,3.0,43818.0,1.0,1.0,16.2,159.0,21.0,0.0,2.0,0.0,3469.0
23,현대 그랜저IG 2.4  프리미엄,5.0,61406.0,1.0,1.0,11.2,190.0,24.6,0.0,0.0,0.0,1940.0
24,현대 그랜저IG 하이브리드 2.4 HEV 익스클루시브,4.0,56098.0,1.0,1.0,16.2,199.0,26.7,0.0,0.0,0.0,2800.0
25,현대 그랜저IG 2.4  모던,5.0,47882.0,1.0,1.0,11.2,190.0,24.6,0.0,0.0,0.0,2099.0
26,현대 그랜저IG 하이브리드 2.4 HEV  익스클루시브 스페셜,4.0,65000.0,1.0,1.0,16.2,199.0,26.7,0.0,2.0,0.0,2870.0
27,현대 더 뉴 그랜저 2.5  프리미엄 초이스,2.0,50000.0,1.0,1.0,11.9,198.0,25.3,0.0,1.0,0.0,2810.0
28,현대 더 뉴 그랜저 2.5  프리미엄,3.0,48250.0,1.0,1.0,11.9,198.0,25.3,0.0,0.0,0.0,2650.0
29,현대 그랜저IG 하이브리드 2.4 HEV 익스클루시브 스페셜,3.0,19273.0,1.0,1.0,16.2,199.0,26.7,0.0,2.0,0.0,2200.0
31,현대 더 뉴 그랜저 2.5 르블랑,9.0,2596.0,1.0,1.0,11.9,198.0,25.3,0.0,0.0,0.0,2650.0
32,현대 더 뉴 그랜저 3.0 LPi   프리미엄,1.0,21062.0,0.0,1.0,7.5,235.0,28.6,0.0,0.0,0.0,3090.0
33,현대 그랜저IG 2.4  프리미엄 스페셜,6.0,54045.0,1.0,1.0,11.0,190.0,24.6,0.0,3.0,0.0,2399.0
34,현대 그랜저HG 240 모던,7.0,75941.0,1.0,1.0,11.3,190.0,25.5,0.0,2.0,0.0,1380.0
35,현대 그랜저HG 240 모던,9.0,91418.0,1.0,1.0,11.3,201.0,25.5,0.0,5.0,0.0,999.0
36,현대 그랜저IG 3.0 LPi   모던,4.0,87475.0,0.0,1.0,7.6,235.0,28.6,0.0,0.0,0.0,1850.0
37,현대 그랜저HG 하이브리드 2.4 HEV 프리미엄,8.0,69283.0,1.0,1.0,16.0,199.0,26.7,0.0,1.0,0.0,1470.0
38,현대 그랜저HG  240 모던   ,8.0,131524.0,1.0,1.0,11.3,190.0,25.5,0.0,5.0,0.0,1250.0
40,현대 더 럭셔리 그랜저 Q270 LPi ,13.0,162000.0,0.0,1.0,7.6,165.0,25.0,0.0,1.0,0.0,280.0
41,현대 그랜저IG  3.0 LPi  모던 베이직   ,5.0,92771.0,0.0,1.0,7.6,235.0,28.6,0.0,0.0,0.0,1750.0
43,현대 그랜저IG 2.4  프리미엄 스페셜,6.0,201600.0,1.0,1.0,11.0,190.0,24.6,0.0,7.0,0.0,1160.0
45,현대 그랜저HG 300 LPi 이그제큐티브,11.0,113751.0,0.0,1.0,8.9,235.0,28.6,0.0,6.0,0.0,900.0
46,현대 더 뉴 그랜저  3.0 LPi  익스클루시브   ,2.0,95455.0,0.0,1.0,7.4,235.0,28.6,0.0,0.0,0.0,2869.0
47,현대 그랜저IG  2.4 프리미엄  ,3.0,98869.0,1.0,1.0,11.2,190.0,24.6,0.0,0.0,0.0,1999.0
48,현대 그랜저HG 300 LPi  프리미엄,9.0,225600.0,0.0,1.0,8.9,235.0,28.6,0.0,7.0,0.0,670.0
49,현대 더 뉴 그랜저 2.5  프리미엄 초이스,2.0,23167.0,1.0,1.0,11.9,198.0,25.3,0.0,0.0,0.0,3090.0
50,현대 더 뉴 그랜저 2.5  프리미엄,2.0,72335.0,1.0,1.0,11.9,198.0,25.3,0.0,0.0,0.0,2590.0
51,현대 그랜저HG 240  모던 컬렉션,9.0,157384.0,1.0,1.0,11.3,190.0,25.5,0.0,2.0,0.0,699.0
52,현대 더 뉴 그랜저 2.5 프리미엄 초이스,3.0,122201.0,1.0,1.0,11.9,198.0,25.3,0.0,1.0,0.0,2440.0
53,현대 디 올 뉴 그랜저  2.5 2WD 프리미엄,4.0,4780.0,1.0,1.0,11.7,198.0,25.3,0.0,0.0,0.0,4690.0
55,현대 그랜저IG 3.0 LPi  모던,4.0,170454.0,0.0,1.0,7.6,235.0,28.6,0.0,0.0,0.0,1319.0
56,현대 그랜저IG  3.0 LPi  모던,4.0,178412.0,0.0,1.0,7.6,235.0,28.6,0.0,2.0,0.0,1299.0
60,현대 그랜저HG 300 LPi 모던,6.0,105750.0,0.0,1.0,8.9,235.0,28.6,0.0,1.0,0.0,790.0
62,현대 그랜저HG 240  모던,9.0,108283.0,1.0,1.0,11.3,201.0,25.5,0.0,3.0,0.0,790.0
63,현대 그랜저IG  3.0 LPi  모던   ,5.0,33000.0,0.0,1.0,7.6,235.0,28.6,0.0,0.0,0.0,2090.0
64,현대 더 뉴 그랜저 하이브리드 2.4 HEV  익스클루시브,2.0,37753.0,1.0,1.0,15.2,200.0,25.1,0.0,1.0,0.0,3960.0
66,현대 그랜저IG 2.4 프리미엄,6.0,61283.0,1.0,1.0,11.2,190.0,24.6,0.0,0.0,0.0,1900.0
67,현대 더 뉴 그랜저 2.5 프리미엄,2.0,65436.0,1.0,1.0,11.9,198.0,25.3,0.0,2.0,0.0,2299.0
70,현대 그랜저HG 240  럭셔리,11.0,115974.0,1.0,1.0,12.8,201.0,25.5,0.0,9.0,0.0,690.0
71,현대 그랜저IG 2.4  프리미엄,4.0,104373.0,1.0,1.0,11.2,190.0,24.6,0.0,3.0,0.0,1640.0
72,현대 그랜저HG 240  모던 컬렉션,6.0,114215.0,1.0,1.0,11.3,190.0,25.5,0.0,4.0,0.0,920.0
75,현대 그랜저IG 2.2 디젤 프리미엄 스페셜,6.0,157505.0,2.0,1.0,14.3,202.0,45.0,0.0,0.0,0.0,1540.0
76,현대 그랜저HG 240  럭셔리,12.0,157069.0,1.0,1.0,12.8,201.0,25.5,0.0,9.0,0.0,550.0
77,현대 그랜저HG 220 디젤 프리미엄,8.0,71556.0,2.0,1.0,13.8,202.0,45.0,0.0,6.0,0.0,1030.0
79,현대 그랜저IG 2.4 모던,3.0,52068.0,1.0,1.0,11.2,190.0,24.6,0.0,3.0,0.0,1399.0
81,현대 그랜저IG 3.0 LPi  모던,4.0,65200.0,0.0,1.0,7.6,235.0,28.6,0.0,2.0,0.0,1950.0
82,현대 그랜저HG 300 LPi 익스클루시브,10.0,130000.0,1.0,1.0,8.9,235.0,28.6,0.0,4.0,0.0,960.0
88,현대 그랜저IG 2.4  모던,6.0,137900.0,1.0,1.0,11.2,190.0,24.6,0.0,6.0,0.0,1449.0
90,현대 그랜저TG Q270 럭셔리,16.0,179680.0,1.0,1.0,9.4,195.0,25.6,0.0,4.0,0.0,230.0
91,현대 더 럭셔리 그랜저 Q270 LPi  개인형,13.0,179942.0,0.0,1.0,7.6,165.0,25.0,0.0,5.0,0.0,399.0
92,현대 그랜저TG Q270 럭셔리,16.0,135218.0,1.0,1.0,9.4,195.0,25.6,0.0,5.0,0.0,290.0
93,현대 더 뉴 그랜저 2.5  캘리그래피,2.0,46000.0,1.0,1.0,11.1,198.0,25.3,0.0,0.0,0.0,3450.0
94,현대 그랜저IG  2.4 프리미엄,4.0,73523.0,1.0,1.0,11.2,190.0,24.6,0.0,3.0,0.0,1910.0
95,현대 그랜저HG 하이브리드 2.4 HEV  프리미엄 컬렉션,6.0,218162.0,1.0,1.0,16.0,199.0,26.7,0.0,7.0,0.0,990.0
96,현대 그랜저IG 2.4 모던,5.0,35000.0,1.0,1.0,11.2,190.0,24.6,0.0,3.0,0.0,2100.0
98,현대 더 뉴 그랜저 3.0 LPi   고급형 VIP 패키지,3.0,141343.0,0.0,1.0,7.5,235.0,28.6,0.0,2.0,0.0,1750.0
99,현대 그랜저HG 220 디젤 프리미엄,8.0,187000.0,2.0,1.0,13.8,202.0,45.0,0.0,1.0,0.0,1150.0
101,현대 그랜저IG 3.0 LPi   모던,4.0,144721.0,0.0,1.0,7.6,235.0,28.6,0.0,0.0,0.0,1500.0
102,현대 그랜저IG 2.4 프리미엄 ,3.0,23600.0,1.0,1.0,11.2,190.0,24.6,0.0,0.0,0.0,2150.0
105,현대 그랜저IG  2.4 익스클루시브 스페셜,4.0,119000.0,1.0,1.0,11.0,190.0,24.6,0.0,0.0,0.0,1950.0
107,현대 그랜저IG  2.4 프리미엄   ,5.0,76624.0,1.0,1.0,11.2,190.0,24.6,0.0,0.0,0.0,1790.0
108,현대 뉴그랜저XG 3.0 S30 기본형,20.0,183665.0,1.0,1.0,9.7,182.0,27.2,0.0,7.0,0.0,150.0
110,현대 그랜저IG 3.0 LPi  모던,5.0,87000.0,0.0,1.0,7.6,235.0,28.6,0.0,2.0,0.0,1990.0
111,현대 그랜저XG 3.0  Q30 밸류,19.0,22.0,1.0,1.0,9.7,180.0,23.5,0.0,10.0,0.0,160.0
114,현대 더 뉴 그랜저 2.5  프리미엄 초이스,3.0,48018.0,1.0,1.0,11.9,198.0,25.3,0.0,3.0,0.0,2399.0
115,현대 더 뉴 그랜저 2.5  프리미엄 초이스,2.0,57426.0,1.0,1.0,11.9,198.0,25.3,0.0,1.0,0.0,2550.0
119,현대 더 뉴 그랜저 2.5 프리미엄 초이스,2.0,17500.0,1.0,1.0,11.9,198.0,25.3,0.0,0.0,0.0,2950.0
122,현대 그랜저HG 300 LPi 이그제큐티브,11.0,129000.0,0.0,1.0,8.9,235.0,28.6,0.0,0.0,0.0,1150.0
124,현대 그랜저IG 하이브리드  2.4 HEV 프리미엄   ,6.0,41499.0,1.0,1.0,16.2,199.0,26.7,0.0,0.0,0.0,2449.0
125,현대 그랜저IG 하이브리드  2.4 HEV 익스클루시브  ,5.0,192000.0,1.0,1.0,16.2,199.0,26.7,0.0,0.0,0.0,1630.0
126,현대 그랜저HG  240 럭셔리   ,11.0,214175.0,1.0,1.0,12.8,201.0,25.5,0.0,0.0,0.0,499.0
128,현대 더 뉴 그랜드스타렉스 2.5 디젤 밴 5인승 모던,5.0,133806.0,2.0,1.0,9.3,175.0,46.0,0.0,0.0,0.0,1490.0
130,현대 그랜드스타렉스  2.5 디젤 밴 5인승 2WD CVX 럭셔리,9.0,177885.0,2.0,1.0,11.6,174.0,41.0,0.0,1.0,0.0,1070.0
131,현대 더 뉴 그랜드스타렉스  2.5 디젤 밴 5인승 스타일,5.0,18888.0,2.0,1.0,9.3,175.0,46.0,0.0,5.0,0.0,1650.0
136,현대 그랜드스타렉스 2.5 디젤 밴 5인승 2WD CVX 럭셔리,12.0,125005.0,2.0,1.0,11.6,174.0,41.0,0.0,4.0,0.0,700.0
138,현대 더 뉴 그랜드스타렉스 2.5 디젤 밴 3인승 스마트,5.0,184639.0,2.0,1.0,9.3,175.0,46.0,0.0,2.0,0.0,1380.0
142,현대 그랜드스타렉스 2.5 디젤 밴 3인승 2WD  CVX 디럭스,7.0,169019.0,2.0,1.0,11.6,174.0,41.0,0.0,7.0,0.0,790.0
143,현대 그랜드스타렉스 2.5 디젤 밴 5인승 2WD CVX 럭셔리,14.0,134654.0,2.0,1.0,11.6,174.0,41.0,0.0,8.0,0.0,550.0
147,현대 더 뉴 그랜드스타렉스 2.5 디젤 밴 5인승 모던,5.0,133806.0,2.0,1.0,9.3,175.0,46.0,0.0,0.0,0.0,1490.0
149,현대 그랜드스타렉스  2.5 디젤 밴 5인승 2WD CVX 럭셔리,9.0,177885.0,2.0,1.0,11.6,174.0,41.0,0.0,1.0,0.0,1070.0
150,현대 더 뉴 그랜드스타렉스  2.5 디젤 밴 5인승 스타일,5.0,18888.0,2.0,1.0,9.3,175.0,46.0,0.0,5.0,0.0,1650.0
155,현대 그랜드스타렉스 2.5 디젤 밴 5인승 2WD CVX 럭셔리,12.0,125005.0,2.0,1.0,11.6,174.0,41.0,0.0,4.0,0.0,700.0
157,현대 더 뉴 그랜드스타렉스 2.5 디젤 밴 3인승 스마트,5.0,184639.0,2.0,1.0,9.3,175.0,46.0,0.0,2.0,0.0,1380.0
161,현대 그랜드스타렉스 2.5 디젤 밴 3인승 2WD  CVX 디럭스,7.0,169019.0,2.0,1.0,11.6,174.0,41.0,0.0,7.0,0.0,790.0
162,현대 그랜드스타렉스 2.5 디젤 밴 5인승 2WD CVX 럭셔리,14.0,134654.0,2.0,1.0,11.6,174.0,41.0,0.0,8.0,0.0,550.0
166,현대 그랜드스타렉스 2.5 디젤 밴 5인승 2WD CVX 럭셔리,9.0,71000.0,2.0,1.0,11.6,174.0,41.0,0.0,4.0,0.0,1150.0
167,현대 더 뉴 그랜드스타렉스  2.5 디젤 왜건 12인승 4WD 모던   ,5.0,55000.0,2.0,1.0,8.9,175.0,46.0,1.0,4.0,0.0,2490.0
169,현대 그랜드스타렉스 2.5 디젤 밴 5인승 2WD CVX 디럭스,2.0,68784.0,2.0,1.0,11.6,174.0,41.0,0.0,0.0,0.0,1160.0
170,현대 그랜드스타렉스 2.5 디젤 왜건 12인승 2WD CVX 디럭스,15.0,85334.0,2.0,1.0,11.5,174.0,41.0,0.0,2.0,0.0,700.0
171,현대 그랜드스타렉스 2.5 디젤 밴 5인승 2WD CVX 디럭스,10.0,255056.0,2.0,1.0,11.6,174.0,41.0,0.0,3.0,0.0,450.0
172,현대 그랜드스타렉스 2.5 디젤 밴 5인승 2WD CVX 디럭스,10.0,119951.0,2.0,0.0,11.6,174.0,41.0,0.0,3.0,0.0,630.0
173,현대 그랜드스타렉스 2.5 디젤 밴 5인승 2WD CVX 프리미엄,8.0,166650.0,2.0,1.0,11.6,174.0,41.0,0.0,0.0,0.0,799.0
175,현대 더 뉴 그랜드스타렉스 2.5 디젤 밴 3인승 스마트,3.0,75935.0,2.0,1.0,9.3,175.0,46.0,0.0,5.0,0.0,1750.0
176,현대 더 뉴 그랜드스타렉스 2.5 디젤 밴 3인승 스마트,4.0,156925.0,2.0,1.0,9.3,175.0,46.0,0.0,2.0,0.0,1490.0
177,현대 더 뉴 그랜드스타렉스 2.5 디젤 밴 5인승 모던,3.0,90438.0,2.0,1.0,9.3,175.0,46.0,0.0,1.0,0.0,1870.0
179,현대 더 뉴 그랜드스타렉스 2.5 디젤 밴 5인승 모던,4.0,143611.0,2.0,1.0,9.3,175.0,46.0,0.0,3.0,0.0,1550.0
180,현대 더 뉴 그랜드스타렉스 2.5 디젤 왜건 12인승 2WD 모던,3.0,98318.0,2.0,1.0,9.7,175.0,46.0,0.0,3.0,0.0,1750.0
181,현대 그랜드스타렉스 2.5 디젤 밴 3인승 2WD  CVX 디럭스,14.0,185354.0,2.0,1.0,11.6,174.0,41.0,0.0,3.0,0.0,690.0
182,현대 그랜드스타렉스 2.5 디젤 밴 3인승 2WD  CVX 디럭스,11.0,198343.0,2.0,1.0,11.6,174.0,41.0,0.0,4.0,0.0,690.0
183,현대 그랜드스타렉스 2.5 디젤 밴 3인승 2WD  CVX 디럭스,10.0,143237.0,2.0,1.0,11.6,174.0,41.0,0.0,7.0,0.0,860.0
184,현대 그랜드스타렉스 어린이보호차 디젤 12인승 2WD,12.0,133016.0,2.0,1.0,10.5,175.0,46.0,0.0,2.0,0.0,669.0
185,현대 그랜드스타렉스 어린이보호차 디젤 12인승 2WD,11.0,78545.0,2.0,1.0,10.5,175.0,46.0,0.0,2.0,0.0,799.0
186,현대 더 뉴 그랜드스타렉스 2.5 디젤 밴 3인승  스마트,4.0,133078.0,2.0,1.0,9.3,175.0,46.0,0.0,5.0,0.0,1490.0
187,현대 그랜드스타렉스 2.5 디젤 밴 5인승 2WD  CVX 럭셔리,8.0,180000.0,2.0,1.0,11.6,174.0,41.0,0.0,6.0,0.0,790.0
189,현대 더 뉴 그랜드스타렉스 2.5 디젤 밴 3인승  스마트,3.0,145000.0,2.0,1.0,9.3,175.0,46.0,0.0,4.0,0.0,1420.0
194,현대 그랜드스타렉스  어린이보호차 디젤 12인승 4WD   ,7.0,124290.0,2.0,1.0,10.5,175.0,46.0,1.0,0.0,0.0,1495.0
200,현대 그랜드스타렉스 2.5 디젤 밴 3인승 2WD CVX 럭셔리   ,6.0,95000.0,2.0,0.0,11.6,174.0,41.0,0.0,2.0,0.0,980.0
201,현대 그랜드스타렉스 2.5 디젤 밴 3인승 2WD  CVX 럭셔리,10.0,194857.0,2.0,1.0,11.6,174.0,41.0,0.0,2.0,0.0,750.0
203,현대 그랜드스타렉스 2.5 디젤 밴 3인승 2WD  CVX 럭셔리,13.0,129658.0,2.0,1.0,11.6,174.0,41.0,0.0,0.0,0.0,730.0
206,현대 그랜드스타렉스 2.5 디젤 밴 3인승 2WD CVX 디럭스,13.0,158285.0,2.0,1.0,11.6,174.0,41.0,0.0,4.0,0.0,360.0
207,현대 더 뉴 그랜드스타렉스 2.5 디젤 밴 5인승  스마트,5.0,85966.0,2.0,1.0,9.3,175.0,46.0,0.0,2.0,0.0,1420.0
211,현대 뉴스타렉스  2.5 디젤 CRDi 9인승 2WD GRX 고급Ⅰ형   ,16.0,131620.0,2.0,1.0,10.6,145.0,33.0,0.0,0.0,0.0,530.0
213,현대 더 뉴 그랜드스타렉스 2.5 디젤 왜건 11인승 4WD 모던,4.0,101200.0,2.0,1.0,8.9,175.0,46.0,1.0,2.0,0.0,3900.0
214,현대 그랜드스타렉스 어린이보호차 디젤 12인승 2WD,8.0,134708.0,2.0,1.0,10.5,175.0,46.0,0.0,4.0,0.0,600.0
221,현대 더 뉴 그랜드스타렉스  2.5 디젤 밴 5인승 스마트  ,4.0,59075.0,2.0,1.0,9.3,175.0,46.0,0.0,4.0,0.0,1899.0
223,현대 그랜드스타렉스 2.5 디젤 밴 5인승 2WD CVX 디럭스,8.0,172000.0,2.0,0.0,11.6,174.0,41.0,0.0,5.0,0.0,680.0
226,현대 더 뉴 그랜드스타렉스 2.5 디젤 밴 5인승  스타일,5.0,151541.0,2.0,1.0,9.3,175.0,46.0,0.0,5.0,0.0,1380.0
227,현대 그랜드스타렉스  어린이보호차 디젤 12인승 2WD   ,12.0,81570.0,2.0,1.0,10.5,175.0,46.0,0.0,0.0,0.0,890.0
228,현대 그랜드스타렉스 어린이보호차  디젤 12인승 2WD,10.0,120000.0,2.0,1.0,10.5,175.0,46.0,0.0,2.0,0.0,800.0
231,현대 그랜드스타렉스  어린이보호차 디젤 12인승 2WD   ,12.0,144777.0,2.0,1.0,10.5,175.0,46.0,0.0,0.0,0.0,799.0
233,현대 그랜드스타렉스  어린이보호차 디젤 12인승 2WD   ,7.0,101882.0,2.0,1.0,10.5,175.0,46.0,0.0,0.0,0.0,1490.0
234,현대 그랜드스타렉스  어린이보호차 디젤 12인승 2WD   ,7.0,79834.0,2.0,1.0,10.5,175.0,46.0,0.0,0.0,0.0,1690.0
235,현대 더 뉴 그랜드스타렉스  2.5 디젤 왜건 12인승 2WD 스마트  ,5.0,91749.0,2.0,1.0,9.7,175.0,46.0,0.0,0.0,0.0,1690.0
236,현대 그랜드스타렉스  2.5 디젤 밴 3인승 2WD CVX 디럭스   ,10.0,217478.0,2.0,1.0,11.6,174.0,41.0,0.0,0.0,0.0,799.0
239,현대 뉴스타렉스  점보 2.5 디젤 CRDi 12인승 2WD GRX 고급형   ,15.0,161524.0,2.0,1.0,10.0,145.0,33.0,0.0,0.0,0.0,499.0
240,현대 그랜드스타렉스  2.5 디젤 왜건 11인승 2WD CVX 럭셔리   ,9.0,134409.0,2.0,1.0,11.5,174.0,41.0,0.0,0.0,0.0,1250.0
242,현대 그랜드스타렉스  어린이보호차 디젤 12인승 2WD   ,6.0,112153.0,2.0,1.0,10.5,175.0,46.0,0.0,0.0,0.0,1590.0
362,현대 쏘나타 2.0  인스퍼레이션,4.0,53390.0,1.0,1.0,13.0,160.0,20.0,0.0,1.0,0.0,2360.0
363,현대 쏘나타 뉴 라이즈 하이브리드 2.0 HEV 프리미엄,4.0,60963.0,1.0,1.0,17.4,191.0,27.0,0.0,0.0,0.0,1999.0
364,현대 쏘나타 2.0 인스퍼레이션,4.0,47641.0,1.0,1.0,13.0,160.0,20.0,0.0,0.0,0.0,2450.0
365,현대 쏘나타 1.6 터보 프리미엄 패밀리,2.0,37065.0,1.0,1.0,13.7,180.0,27.0,0.0,2.0,0.0,2320.0
366,현대 쏘나타 2.0  인스퍼레이션,4.0,29445.0,1.0,1.0,13.0,160.0,20.0,0.0,1.0,0.0,2620.0
367,현대 쏘나타 2.0  인스퍼레이션,3.0,54916.0,1.0,1.0,13.0,160.0,20.0,0.0,5.0,0.0,2450.0
368,현대 쏘나타 하이브리드 2.0 HEV  스마트,9.0,114000.0,1.0,1.0,16.8,191.0,27.0,0.0,9.0,0.0,450.0
369,현대 YF쏘나타 2.0 CVVL  프리미어,11.0,110000.0,1.0,1.0,14.0,172.0,20.5,0.0,6.0,0.0,350.0
370,현대 LF쏘나타  2.0 LPi  스마트   ,6.0,141231.0,0.0,1.0,9.5,151.0,19.8,0.0,0.0,0.0,950.0
372,현대 YF쏘나타 2.0 LPi 탑,12.0,99337.0,0.0,1.0,10.5,157.0,20.0,0.0,10.0,0.0,450.0
373,현대 YF쏘나타 2.0 VVT Y20 프리미어 최고급형,13.0,109660.0,1.0,1.0,12.8,165.0,20.2,0.0,2.0,0.0,380.0
374,현대 YF쏘나타 2.0 LPi 프리미어,12.0,128318.0,0.0,1.0,10.5,157.0,20.0,0.0,4.0,0.0,450.0
375,현대 쏘나타 뉴 라이즈  2.0 스마트 초이스   ,4.0,28891.0,1.0,1.0,12.0,163.0,20.0,0.0,0.0,0.0,1630.0
376,현대 NF쏘나타 트랜스폼 2.0 LPi 럭셔리,15.0,180787.0,0.0,1.0,9.0,141.0,19.0,0.0,3.0,0.0,250.0
377,현대 YF쏘나타 2.0 VVT  Y20 프리미어 최고급형,13.0,69194.0,1.0,1.0,12.8,165.0,20.2,0.0,7.0,0.0,550.0
380,현대 쏘나타 2.0  인스퍼레이션,4.0,53390.0,1.0,1.0,13.0,160.0,20.0,0.0,1.0,0.0,2360.0
381,현대 쏘나타 뉴 라이즈 하이브리드 2.0 HEV 프리미엄,4.0,60963.0,1.0,1.0,17.4,191.0,27.0,0.0,0.0,0.0,1999.0
382,현대 쏘나타 2.0 인스퍼레이션,4.0,47641.0,1.0,1.0,13.0,160.0,20.0,0.0,0.0,0.0,2450.0
383,현대 쏘나타 1.6 터보 프리미엄 패밀리,2.0,37065.0,1.0,1.0,13.7,180.0,27.0,0.0,2.0,0.0,2320.0
384,현대 쏘나타 2.0  인스퍼레이션,4.0,29445.0,1.0,1.0,13.0,160.0,20.0,0.0,1.0,0.0,2620.0
385,현대 쏘나타 2.0  인스퍼레이션,3.0,54916.0,1.0,1.0,13.0,160.0,20.0,0.0,5.0,0.0,2450.0
386,현대 쏘나타 하이브리드 2.0 HEV  스마트,9.0,114000.0,1.0,1.0,16.8,191.0,27.0,0.0,9.0,0.0,450.0
387,현대 YF쏘나타 2.0 CVVL  프리미어,11.0,110000.0,1.0,1.0,14.0,172.0,20.5,0.0,6.0,0.0,350.0
388,현대 LF쏘나타  2.0 LPi  스마트   ,6.0,141231.0,0.0,1.0,9.5,151.0,19.8,0.0,0.0,0.0,950.0
390,현대 YF쏘나타 2.0 LPi 탑,12.0,99337.0,0.0,1.0,10.5,157.0,20.0,0.0,10.0,0.0,450.0
391,현대 YF쏘나타 2.0 VVT Y20 프리미어 최고급형,13.0,109660.0,1.0,1.0,12.8,165.0,20.2,0.0,2.0,0.0,380.0
392,현대 YF쏘나타 2.0 LPi 프리미어,12.0,128318.0,0.0,1.0,10.5,157.0,20.0,0.0,4.0,0.0,450.0
393,현대 쏘나타 뉴 라이즈  2.0 스마트 초이스   ,4.0,28891.0,1.0,1.0,12.0,163.0,20.0,0.0,0.0,0.0,1630.0
394,현대 NF쏘나타 트랜스폼 2.0 LPi 럭셔리,15.0,180787.0,0.0,1.0,9.0,141.0,19.0,0.0,3.0,0.0,250.0
395,현대 YF쏘나타 2.0 VVT  Y20 프리미어 최고급형,13.0,69194.0,1.0,1.0,12.8,165.0,20.2,0.0,7.0,0.0,550.0
396,현대 YF쏘나타 2.0 LPi 탑,13.0,169000.0,0.0,1.0,10.5,157.0,20.0,0.0,3.0,0.0,330.0
397,현대 LF쏘나타 1.7 디젤 스마트,7.0,128000.0,2.0,1.0,16.5,141.0,34.7,0.0,2.0,0.0,999.0
398,현대 LF쏘나타  2.0 스마트,8.0,147290.0,1.0,1.0,12.1,168.0,20.5,0.0,2.0,0.0,850.0
399,현대 쏘나타 더 브릴리언트 2.0 LPi 스타일,9.0,254412.0,0.0,1.0,9.3,157.0,20.0,0.0,7.0,0.0,300.0
400,현대 YF쏘나타 2.0 LPi  프리미어,13.0,136830.0,0.0,1.0,10.5,157.0,20.0,0.0,3.0,0.0,450.0
401,현대 YF쏘나타 2.0 VVT  Y20 프리미어 고급형,13.0,118194.0,1.0,1.0,12.8,165.0,20.2,0.0,1.0,0.0,370.0
403,현대 LF쏘나타 2.0 스마트,8.0,93881.0,1.0,1.0,12.1,168.0,20.5,0.0,1.0,0.0,730.0
404,현대 LF쏘나타 2.0 스마트,8.0,69270.0,1.0,1.0,12.1,168.0,20.5,0.0,8.0,0.0,799.0
405,현대 LF쏘나타 2.0  스마트 스페셜,7.0,154023.0,1.0,1.0,12.6,168.0,20.5,0.0,9.0,0.0,790.0
406,현대 쏘나타 뉴 라이즈 2.0 스마트 스페셜,4.0,84122.0,1.0,1.0,12.0,163.0,20.0,0.0,3.0,0.0,1199.0
407,현대 LF쏘나타 2.0 스마트 스페셜,7.0,59678.0,1.0,1.0,12.6,168.0,20.5,0.0,5.0,0.0,1099.0
408,현대 쏘나타 뉴 라이즈  2.0 모던   ,5.0,118365.0,1.0,1.0,12.0,163.0,20.0,0.0,5.0,0.0,1149.0
409,현대 쏘나타 뉴 라이즈 2.0 LPi  스마트,4.0,73342.0,0.0,1.0,9.5,151.0,19.8,0.0,0.0,0.0,1490.0
412,현대 쏘나타 뉴 라이즈  2.0 스마트  ,5.0,111627.0,1.0,1.0,12.0,163.0,20.0,0.0,0.0,0.0,1092.0
413,현대 YF쏘나타 2.0 VVT  Y20 탑 최고급형,13.0,138060.0,1.0,1.0,12.8,165.0,20.2,0.0,5.0,0.0,350.0
415,현대 쏘나타 뉴 라이즈 2.0  스마트 초이스,4.0,102193.0,1.0,1.0,12.0,163.0,20.0,0.0,1.0,0.0,1270.0
416,현대 LF쏘나타  2.0 스마트   ,8.0,17705.0,1.0,1.0,12.1,168.0,20.5,0.0,0.0,0.0,1380.0
417,현대 YF쏘나타 2.0 LPi 프리미어,12.0,135500.0,0.0,1.0,10.5,157.0,20.0,0.0,4.0,0.0,510.0
418,현대 NF쏘나타 트랜스폼 2.0 디럭스,14.0,53835.0,1.0,1.0,12.8,163.0,20.1,0.0,2.0,0.0,350.0
419,현대 LF쏘나타 2.0  스타일,6.0,134621.0,1.0,1.0,12.6,168.0,20.5,0.0,3.0,0.0,490.0
420,현대 쏘나타 뉴 라이즈 2.0 스타일,5.0,97592.0,1.0,1.0,12.3,163.0,20.0,0.0,3.0,0.0,1050.0
422,현대 YF쏘나타 2.0 LPi  프리미어,13.0,160337.0,0.0,1.0,10.5,157.0,20.0,0.0,6.0,0.0,300.0
423,현대 쏘나타 더 브릴리언트  2.0 모던   ,10.0,134879.0,1.0,1.0,14.0,172.0,20.5,0.0,0.0,0.0,869.0
424,현대 쏘나타 뉴 라이즈 2.0 LPi 모던,5.0,93800.0,0.0,1.0,9.5,151.0,19.8,0.0,1.0,0.0,1029.0
425,현대 NF쏘나타 트랜스폼 2.0 LPi  일반형,14.0,115000.0,0.0,1.0,9.0,141.0,19.0,0.0,3.0,0.0,190.0
426,현대 쏘나타 2.0 프리미엄,3.0,48459.0,1.0,1.0,12.9,160.0,20.0,0.0,1.0,0.0,1770.0
427,현대 쏘나타 뉴 라이즈 2.0 모던,5.0,119911.0,1.0,1.0,12.0,163.0,20.0,0.0,5.0,0.0,950.0
428,현대 쏘나타 뉴 라이즈 2.0 모던,5.0,93000.0,1.0,1.0,12.0,163.0,20.0,0.0,0.0,0.0,1300.0
430,현대 LF쏘나타 2.0 LPi 프리미엄 스페셜,8.0,164000.0,0.0,1.0,9.6,151.0,19.8,0.0,6.0,0.0,980.0
431,현대 YF쏘나타 2.0 CVVL 프리미어,10.0,127000.0,1.0,1.0,14.0,172.0,20.5,0.0,3.0,0.0,600.0
433,현대 쏘나타 2.0 LPi 스마트,1.0,135977.0,0.0,1.0,10.3,146.0,19.5,0.0,1.0,0.0,150.0
436,현대 더 뉴 아반떼AD 1.6  프리미엄,4.0,58150.0,1.0,1.0,14.4,123.0,15.7,0.0,2.0,0.0,1690.0
442,현대 아반떼MD  1.6 M16 프리미어,11.0,166691.0,1.0,1.0,16.5,140.0,17.0,0.0,7.0,0.0,420.0
443,현대 아반떼AD  1.6 LPi 스마트,5.0,78462.0,0.0,1.0,10.6,120.0,15.5,0.0,0.0,0.0,820.0
444,현대 올 뉴 아반떼  1.6 LPi 스타일,1.0,62443.0,0.0,1.0,10.6,120.0,15.5,0.0,0.0,0.0,1270.0
445,현대 더 뉴 아반떼AD  1.6 스타일   ,4.0,80256.0,1.0,1.0,15.2,123.0,15.7,0.0,0.0,0.0,1269.0
447,현대 아반떼AD 1.6 터보 스포츠 DCT,6.0,137560.0,1.0,1.0,12.0,204.0,26.9,0.0,7.0,0.0,900.0
448,현대 아반떼MD 1.6 M16 탑 스마트 팩,11.0,74000.0,1.0,1.0,17.5,140.0,17.0,0.0,3.0,0.0,530.0
449,현대 아반떼AD 1.6  밸류 플러스,5.0,119106.0,1.0,1.0,13.1,132.0,16.3,0.0,3.0,0.0,799.0
451,현대 아반떼AD 1.6  모던,6.0,138992.0,1.0,1.0,13.7,132.0,16.3,0.0,4.0,0.0,880.0
452,현대 아반떼AD  1.6 LPi 스마트,4.0,146100.0,0.0,1.0,10.6,120.0,15.5,0.0,4.0,0.0,840.0
455,현대 더 뉴 아반떼AD 1.6  프리미엄,4.0,58150.0,1.0,1.0,14.4,123.0,15.7,0.0,2.0,0.0,1690.0
461,현대 아반떼MD  1.6 M16 프리미어,11.0,166691.0,1.0,1.0,16.5,140.0,17.0,0.0,7.0,0.0,420.0
462,현대 아반떼AD  1.6 LPi 스마트,5.0,78462.0,0.0,1.0,10.6,120.0,15.5,0.0,0.0,0.0,820.0
463,현대 올 뉴 아반떼  1.6 LPi 스타일,1.0,62443.0,0.0,1.0,10.6,120.0,15.5,0.0,0.0,0.0,1270.0
464,현대 더 뉴 아반떼AD  1.6 스타일   ,4.0,80256.0,1.0,1.0,15.2,123.0,15.7,0.0,0.0,0.0,1269.0
466,현대 아반떼AD 1.6 터보 스포츠 DCT,6.0,137560.0,1.0,1.0,12.0,204.0,26.9,0.0,7.0,0.0,900.0
467,현대 아반떼MD 1.6 M16 탑 스마트 팩,11.0,74000.0,1.0,1.0,17.5,140.0,17.0,0.0,3.0,0.0,530.0
468,현대 아반떼AD 1.6  밸류 플러스,5.0,119106.0,1.0,1.0,13.1,132.0,16.3,0.0,3.0,0.0,799.0
470,현대 아반떼AD 1.6  모던,6.0,138992.0,1.0,1.0,13.7,132.0,16.3,0.0,4.0,0.0,880.0
471,현대 아반떼AD  1.6 LPi 스마트,4.0,146100.0,0.0,1.0,10.6,120.0,15.5,0.0,4.0,0.0,840.0
472,현대 아반떼AD  1.6 밸류 플러스,4.0,96000.0,1.0,1.0,13.1,132.0,16.3,0.0,5.0,0.0,920.0
473,현대 더 뉴 아반떼AD 1.6 LPi   스타일,3.0,107240.0,0.0,1.0,10.6,120.0,15.5,0.0,0.0,0.0,970.0
474,현대 더 뉴 아반떼AD 1.6 스타일,3.0,55020.0,1.0,1.0,15.2,123.0,15.7,0.0,3.0,0.0,1260.0
475,현대 더 뉴 아반떼 1.6 스마트,8.0,49021.0,1.0,1.0,14.0,140.0,16.9,0.0,2.0,0.0,860.0
476,현대 아반떼 LPi 하이브리드 1.6 HDE Ⅱ기본형,9.0,37455.0,0.0,1.0,17.8,114.0,15.1,0.0,0.0,0.0,860.0
477,현대 아반떼 LPi 하이브리드 1.6 HDE Ⅱ기본형,9.0,34585.0,0.0,1.0,17.8,114.0,15.1,0.0,1.0,0.0,860.0
478,현대 아반떼MD 1.6 M16 프리미어,12.0,98119.0,1.0,1.0,16.5,140.0,17.0,0.0,4.0,0.0,480.0
479,현대 아반떼AD 1.6 모던,6.0,109725.0,1.0,1.0,13.7,132.0,16.3,0.0,6.0,0.0,770.0
482,현대 아반떼MD 1.6  M16 탑,12.0,90946.0,1.0,1.0,16.5,140.0,16.9,0.0,8.0,0.0,499.0
483,현대 아반떼AD 1.6 모던,7.0,112661.0,1.0,1.0,13.7,132.0,16.3,0.0,4.0,0.0,699.0
484,현대 아반떼AD 1.6 스마트,7.0,85279.0,1.0,1.0,13.7,132.0,16.3,0.0,1.0,0.0,1060.0
485,현대 아반떼AD 1.6  밸류 플러스,4.0,72896.0,1.0,1.0,13.1,132.0,16.3,0.0,2.0,0.0,860.0
486,현대 아반떼AD 1.6  밸류 플러스,6.0,100673.0,1.0,1.0,13.1,132.0,16.3,0.0,9.0,0.0,799.0
487,현대 아반떼AD 1.6 스마트 스페셜,6.0,69718.0,1.0,1.0,13.7,132.0,16.3,0.0,3.0,0.0,799.0
488,현대 아반떼AD 1.6  스마트 스페셜,7.0,59362.0,1.0,1.0,13.7,132.0,16.3,0.0,10.0,0.0,700.0
489,현대 올 뉴 아반떼 1.6 모던,2.0,36852.0,1.0,1.0,15.4,123.0,15.7,0.0,2.0,0.0,1960.0
490,현대 올 뉴 아반떼 1.6 LPi 모던,3.0,78344.0,0.0,1.0,10.5,120.0,15.5,0.0,0.0,0.0,1650.0
492,현대 더 뉴 아반떼 1.6 프리미엄,9.0,100863.0,1.0,1.0,14.0,140.0,16.9,0.0,9.0,0.0,890.0
493,현대 아반떼AD 1.6 밸류 플러스,4.0,85800.0,1.0,1.0,13.1,132.0,16.3,0.0,4.0,0.0,990.0
495,현대 더 뉴 아반떼 1.6  모던,8.0,104326.0,1.0,1.0,14.0,140.0,16.9,0.0,5.0,0.0,680.0
497,현대 아반떼AD 1.6 터보 스포츠  DCT,7.0,137500.0,1.0,1.0,12.0,204.0,26.9,0.0,3.0,0.0,990.0
498,현대 아반떼 쿠페 2.0  스마트,9.0,77653.0,1.0,1.0,12.4,175.0,21.3,0.0,3.0,0.0,590.0
499,현대 더 뉴 아반떼 1.6  모던,9.0,94578.0,1.0,1.0,14.0,140.0,16.9,0.0,6.0,0.0,699.0
500,현대 올 뉴 아반떼 1.6  인스퍼레이션,2.0,46241.0,1.0,1.0,14.9,123.0,15.7,0.0,2.0,0.0,2099.0
501,현대 올 뉴 아반떼 1.6 터보  N 라인 인스퍼레이션,2.0,77767.0,1.0,1.0,12.8,204.0,27.0,0.0,1.0,0.0,2170.0
502,현대 아반떼AD 1.6  모던 스페셜,7.0,133841.0,1.0,1.0,13.1,132.0,16.3,0.0,7.0,0.0,870.0
503,현대 올 뉴 아반떼 1.6  모던,2.0,57628.0,1.0,1.0,15.4,123.0,15.7,0.0,3.0,0.0,1790.0
506,현대 제네시스 BH330  럭셔리 프라임팩,15.0,101040.0,1.0,1.0,10.0,262.0,32.1,0.0,2.0,1.0,699.0
518,현대 제네시스 쿠페 2.0 터보 R,12.0,160000.0,1.0,1.0,11.0,210.0,30.5,0.0,3.0,1.0,370.0
522,현대 제네시스 쿠페 2.0 터보 P,12.0,83127.0,1.0,1.0,11.0,210.0,30.5,0.0,4.0,1.0,450.0
524,현대 제네시스 BH330  럭셔리 프라임팩,15.0,101040.0,1.0,1.0,10.0,262.0,32.1,0.0,2.0,1.0,699.0
536,현대 제네시스 쿠페 2.0 터보 R,12.0,160000.0,1.0,1.0,11.0,210.0,30.5,0.0,3.0,1.0,370.0
540,현대 제네시스 쿠페 2.0 터보 P,12.0,83127.0,1.0,1.0,11.0,210.0,30.5,0.0,4.0,1.0,450.0
543,현대 제네시스 BH330  그랜드,13.0,158047.0,1.0,1.0,10.0,262.0,32.1,0.0,4.0,1.0,480.0
548,현대 제네시스 쿠페 2.0 터보 RW,13.0,129554.0,1.0,0.0,11.0,210.0,30.5,0.0,1.0,1.0,1250.0
554,현대 제네시스 쿠페 2.0 터보 R,14.0,201949.0,1.0,0.0,11.0,210.0,30.5,0.0,4.0,1.0,450.0
555,현대 제네시스 BH330  그랜드,13.0,201864.0,1.0,1.0,10.0,262.0,32.1,0.0,6.0,1.0,330.0
559,현대 더 뉴 싼타페 하이브리드 1.6 터보 HEV 2WD 캘리그래피 5인승,1.0,37232.0,1.0,1.0,14.3,230.0,35.7,0.0,0.0,0.0,3900.0
560,현대 싼타페TM 2.0 가솔린 터보 2WD  인스퍼레이션,4.0,57783.0,1.0,1.0,9.5,235.0,36.0,0.0,2.0,0.0,2699.0
561,현대 싼타페TM 2.0 가솔린 터보 2WD  인스퍼레이션,3.0,40644.0,1.0,1.0,9.5,235.0,36.0,0.0,2.0,0.0,2260.0
562,현대 싼타페DM 2.0 디젤 2WD 익스클루시브,10.0,98100.0,2.0,1.0,14.4,184.0,41.0,0.0,4.0,0.0,1200.0
563,현대 싼타페DM  2.0 디젤 2WD 익스클루시브   ,9.0,124281.0,2.0,1.0,14.4,184.0,41.0,0.0,0.0,0.0,1490.0
564,현대 싼타페TM  2.0 디젤 2WD 프리미엄,4.0,124258.0,2.0,1.0,13.8,186.0,41.0,0.0,4.0,0.0,1750.0
565,현대 싼타페DM  2.0 디젤 2WD 프리미엄,9.0,164445.0,2.0,1.0,14.4,184.0,41.0,0.0,4.0,0.0,860.0
567,현대 싼타페DM 2.0 디젤 2WD 프리미엄,9.0,92593.0,2.0,1.0,14.4,184.0,41.0,0.0,6.0,0.0,920.0
568,현대 더 뉴 싼타페  2.2 디젤 2WD 프레스티지 7인승   ,2.0,31837.0,2.0,1.0,14.2,202.0,45.0,0.0,0.0,0.0,3099.0
569,현대 싼타페TM 2.0 가솔린 터보 2WD 인스퍼레이션,2.0,19000.0,1.0,1.0,9.5,235.0,36.0,0.0,0.0,0.0,3630.0
570,현대 싼타페TM 2.0 디젤 4WD 프레스티지,5.0,73000.0,2.0,1.0,12.0,186.0,41.0,1.0,0.0,0.0,2780.0
571,현대 싼타페DM 2.0 디젤 2WD 모던,10.0,70911.0,2.0,1.0,14.4,184.0,41.0,0.0,8.0,0.0,950.0
572,현대 싼타페DM 2.0 디젤 2WD 프리미엄,10.0,117149.0,2.0,1.0,14.4,184.0,41.0,0.0,4.0,0.0,820.0
574,현대 싼타페TM 2.0 디젤 2WD 익스클루시브 스페셜,4.0,65007.0,2.0,1.0,13.5,186.0,41.0,0.0,3.0,0.0,2620.0
576,현대 싼타페DM 2.0 디젤 4WD 프리미엄,9.0,181670.0,2.0,1.0,13.0,184.0,41.0,1.0,8.0,0.0,940.0
577,현대 싼타페DM 2.0 디젤 2WD 익스클루시브,7.0,63077.0,2.0,1.0,14.4,184.0,41.0,0.0,0.0,0.0,1460.0
578,현대 더 뉴 싼타페  2.2 디젤 2WD 프레스티지 5인승,1.0,34057.0,2.0,1.0,14.2,202.0,45.0,0.0,0.0,0.0,2999.0
579,현대 더 뉴 싼타페 하이브리드 1.6 터보 HEV 2WD 캘리그래피 5인승,1.0,37232.0,1.0,1.0,14.3,230.0,35.7,0.0,0.0,0.0,3900.0
580,현대 싼타페TM 2.0 가솔린 터보 2WD  인스퍼레이션,4.0,57783.0,1.0,1.0,9.5,235.0,36.0,0.0,2.0,0.0,2699.0
581,현대 싼타페TM 2.0 가솔린 터보 2WD  인스퍼레이션,3.0,40644.0,1.0,1.0,9.5,235.0,36.0,0.0,2.0,0.0,2260.0
582,현대 싼타페DM 2.0 디젤 2WD 익스클루시브,10.0,98100.0,2.0,1.0,14.4,184.0,41.0,0.0,4.0,0.0,1200.0
583,현대 싼타페DM  2.0 디젤 2WD 익스클루시브   ,9.0,124281.0,2.0,1.0,14.4,184.0,41.0,0.0,0.0,0.0,1490.0
584,현대 싼타페TM  2.0 디젤 2WD 프리미엄,4.0,124258.0,2.0,1.0,13.8,186.0,41.0,0.0,4.0,0.0,1750.0
585,현대 싼타페DM  2.0 디젤 2WD 프리미엄,9.0,164445.0,2.0,1.0,14.4,184.0,41.0,0.0,4.0,0.0,860.0
587,현대 싼타페DM 2.0 디젤 2WD 프리미엄,9.0,92593.0,2.0,1.0,14.4,184.0,41.0,0.0,6.0,0.0,920.0
588,현대 더 뉴 싼타페  2.2 디젤 2WD 프레스티지 7인승   ,2.0,31837.0,2.0,1.0,14.2,202.0,45.0,0.0,0.0,0.0,3099.0
589,현대 싼타페TM 2.0 가솔린 터보 2WD 인스퍼레이션,2.0,19000.0,1.0,1.0,9.5,235.0,36.0,0.0,0.0,0.0,3630.0
590,현대 싼타페TM 2.0 디젤 4WD 프레스티지,5.0,73000.0,2.0,1.0,12.0,186.0,41.0,1.0,0.0,0.0,2780.0
591,현대 싼타페DM 2.0 디젤 2WD 모던,10.0,70911.0,2.0,1.0,14.4,184.0,41.0,0.0,8.0,0.0,950.0
592,현대 싼타페DM 2.0 디젤 2WD 프리미엄,10.0,117149.0,2.0,1.0,14.4,184.0,41.0,0.0,4.0,0.0,820.0
594,현대 싼타페TM 2.0 디젤 2WD 익스클루시브 스페셜,4.0,65007.0,2.0,1.0,13.5,186.0,41.0,0.0,3.0,0.0,2620.0
596,현대 싼타페DM 2.0 디젤 4WD 프리미엄,9.0,181670.0,2.0,1.0,13.0,184.0,41.0,1.0,8.0,0.0,940.0
597,현대 싼타페DM 2.0 디젤 2WD 익스클루시브,7.0,63077.0,2.0,1.0,14.4,184.0,41.0,0.0,0.0,0.0,1460.0
598,현대 더 뉴 싼타페  2.2 디젤 2WD 프레스티지 5인승,1.0,34057.0,2.0,1.0,14.2,202.0,45.0,0.0,0.0,0.0,2999.0
599,현대 더 뉴 싼타페 2.2 디젤 2WD  프레스티지 5인승,2.0,14564.0,2.0,1.0,14.2,202.0,45.0,0.0,3.0,0.0,2799.0
600,현대 싼타페TM 2.0 디젤 4WD  프리미엄,5.0,92492.0,2.0,1.0,12.3,186.0,41.0,1.0,1.0,0.0,1760.0
601,현대 싼타페TM 2.0 디젤 2WD  익스클루시브 스페셜,4.0,86489.0,2.0,1.0,13.5,186.0,41.0,0.0,4.0,0.0,1899.0
602,현대 싼타페DM 2.0 디젤 2WD 익스클루시브 스페셜,9.0,205200.0,2.0,1.0,14.4,184.0,41.0,0.0,6.0,0.0,970.0
603,현대 싼타페DM 2.0 디젤 2WD 프리미엄,10.0,76787.0,2.0,1.0,14.4,184.0,41.0,0.0,1.0,0.0,1350.0
604,현대 싼타페 더 프라임 2.0 디젤 2WD 1 밀리언,6.0,71600.0,2.0,1.0,13.1,186.0,41.0,0.0,1.0,0.0,1820.0
605,현대 싼타페DM 2.2 디젤 4WD 익스클루시브 스페셜,11.0,154050.0,2.0,1.0,12.4,200.0,44.5,1.0,5.0,0.0,1290.0
607,현대 싼타페DM 2.0 디젤 2WD 프리미엄,9.0,165825.0,2.0,1.0,14.4,184.0,41.0,0.0,4.0,0.0,889.0
608,현대 싼타페 더 프라임 2.0 디젤 2WD  익스클루시브 스페셜,7.0,148649.0,2.0,1.0,13.1,186.0,41.0,0.0,4.0,0.0,1299.0
609,현대 싼타페TM 2.0 디젤 2WD  익스클루시브 스페셜,4.0,102302.0,2.0,1.0,13.5,186.0,41.0,0.0,4.0,0.0,2100.0
610,현대 싼타페CM 2.2 디젤 2WD CLX 최고급형,17.0,144000.0,2.0,1.0,12.5,172.0,37.0,0.0,2.0,0.0,225.0
611,현대 싼타페TM  2.2 디젤 4WD 익스클루시브,4.0,123122.0,2.0,1.0,12.3,202.0,45.0,1.0,1.0,0.0,2450.0
612,현대 싼타페 더 프라임 2.0 디젤 4WD  익스클루시브 스페셜   ,7.0,83000.0,2.0,1.0,11.7,186.0,41.0,1.0,2.0,0.0,1990.0
613,현대 더 뉴 싼타페  2.2 디젤 2WD 프레스티지 5인승,1.0,52000.0,2.0,1.0,14.2,202.0,45.0,0.0,1.0,0.0,1212.0
615,현대 싼타페DM 2.0 디젤 2WD 프리미엄,10.0,111650.0,2.0,1.0,14.4,184.0,41.0,0.0,1.0,0.0,950.0
616,현대 싼타페 더스타일 2.2 디젤 4WD CLX 디럭스,11.0,150500.0,2.0,1.0,15.5,200.0,42.9,1.0,5.0,0.0,500.0
617,현대 더 뉴 싼타페 2.2 디젤 2WD 캘리그래피 5인승,1.0,18000.0,2.0,1.0,13.6,202.0,45.0,0.0,0.0,0.0,200.0
618,기아 더 뉴 카니발 2.2 디젤 9인승 노블레스 스페셜,3.0,55785.0,2.0,1.0,11.3,202.0,45.0,0.0,3.0,0.0,2550.0
619,기아 더 뉴 카니발 2.2 디젤 9인승 노블레스 스페셜,4.0,48000.0,2.0,1.0,11.3,202.0,45.0,0.0,3.0,0.0,2389.0
620,기아 올 뉴 카니발 2.2 디젤 9인승  노블레스,6.0,97033.0,2.0,1.0,11.2,202.0,45.0,0.0,1.0,0.0,1750.0
621,기아 더 뉴 카니발 2.2 디젤 9인승 하이리무진 노블레스 스페셜,3.0,35905.0,2.0,1.0,10.3,202.0,45.0,0.0,0.0,0.0,3770.0
622,기아 더 뉴 카니발 2.2 디젤 7인승 리무진 프레지던트,5.0,69506.0,1.0,1.0,11.3,202.0,45.0,0.0,6.0,0.0,2350.0
623,기아 더 뉴 카니발 2.2 디젤 9인승 하이리무진 노블레스 스페셜,4.0,40886.0,2.0,1.0,10.3,202.0,45.0,0.0,1.0,0.0,3399.0
624,기아 더 뉴 카니발 2.2 디젤 9인승  노블레스 스페셜,4.0,67308.0,2.0,1.0,11.3,202.0,45.0,0.0,3.0,0.0,3220.0
629,기아 더 뉴 카니발 2.2 디젤 9인승 하이리무진 노블레스 스페셜,4.0,41232.0,2.0,1.0,10.3,202.0,45.0,0.0,0.0,0.0,3290.0
630,기아 그랜드 카니발 2.9 디젤 11인승 하이리무진 GLX,13.0,165000.0,2.0,1.0,12.8,197.0,43.0,0.0,2.0,0.0,960.0
632,기아 카니발 4세대  2.2 디젤 7인승 노블레스,2.0,43612.0,2.0,1.0,12.6,202.0,45.0,0.0,0.0,0.0,3380.0
634,기아 더 뉴 카니발 2.2 디젤 9인승 노블레스 스페셜,3.0,55785.0,2.0,1.0,11.3,202.0,45.0,0.0,3.0,0.0,2550.0
635,기아 더 뉴 카니발 2.2 디젤 9인승 노블레스 스페셜,4.0,48000.0,2.0,1.0,11.3,202.0,45.0,0.0,3.0,0.0,2389.0
636,기아 올 뉴 카니발 2.2 디젤 9인승  노블레스,6.0,97033.0,2.0,1.0,11.2,202.0,45.0,0.0,1.0,0.0,1750.0
637,기아 더 뉴 카니발 2.2 디젤 9인승 하이리무진 노블레스 스페셜,3.0,35905.0,2.0,1.0,10.3,202.0,45.0,0.0,0.0,0.0,3770.0
638,기아 더 뉴 카니발 2.2 디젤 7인승 리무진 프레지던트,5.0,69506.0,1.0,1.0,11.3,202.0,45.0,0.0,6.0,0.0,2350.0
639,기아 더 뉴 카니발 2.2 디젤 9인승 하이리무진 노블레스 스페셜,4.0,40886.0,2.0,1.0,10.3,202.0,45.0,0.0,1.0,0.0,3399.0
640,기아 더 뉴 카니발 2.2 디젤 9인승  노블레스 스페셜,4.0,67308.0,2.0,1.0,11.3,202.0,45.0,0.0,3.0,0.0,3220.0
645,기아 더 뉴 카니발 2.2 디젤 9인승 하이리무진 노블레스 스페셜,4.0,41232.0,2.0,1.0,10.3,202.0,45.0,0.0,0.0,0.0,3290.0
646,기아 그랜드 카니발 2.9 디젤 11인승 하이리무진 GLX,13.0,165000.0,2.0,1.0,12.8,197.0,43.0,0.0,2.0,0.0,960.0
648,기아 카니발 4세대  2.2 디젤 7인승 노블레스,2.0,43612.0,2.0,1.0,12.6,202.0,45.0,0.0,0.0,0.0,3380.0
651,기아 그랜드 카니발 2.9 디젤 11인승 하이리무진 GLX,14.0,90262.0,2.0,1.0,12.8,197.0,43.0,0.0,5.0,0.0,500.0
652,기아 더 뉴 카니발 2.2 디젤 9인승 하이리무진 프레스티지,4.0,109208.0,2.0,1.0,10.3,202.0,45.0,0.0,1.0,0.0,2100.0
653,기아 올 뉴 카니발  2.2 디젤 7인승 리무진 프레지던트  ,7.0,127902.0,2.0,1.0,11.2,202.0,45.0,0.0,0.0,0.0,1799.0
655,기아 올 뉴 카니발 2.2 디젤 9인승 노블레스,6.0,99000.0,2.0,1.0,11.2,202.0,45.0,0.0,1.0,0.0,1880.0
657,기아 더 뉴 카니발 2.2 디젤 9인승 하이리무진 노블레스 스페셜,4.0,61381.0,2.0,1.0,10.3,202.0,45.0,0.0,0.0,0.0,3350.0
658,기아 카니발 4세대 2.2 디젤 9인승  노블레스,2.0,28006.0,2.0,1.0,13.1,202.0,45.0,0.0,0.0,0.0,3380.0
659,기아 카니발 4세대 2.2 디젤 9인승 프레스티지,2.0,18996.0,2.0,1.0,13.1,202.0,45.0,0.0,0.0,0.0,3150.0
660,기아 카니발 4세대 2.2 디젤 9인승  노블레스,2.0,27800.0,2.0,1.0,13.1,202.0,45.0,0.0,3.0,0.0,3150.0
661,기아 카니발 4세대 2.2 디젤 9인승  노블레스,2.0,66043.0,2.0,1.0,13.1,202.0,45.0,0.0,0.0,0.0,3170.0
662,기아 더 뉴 카니발  2.2 디젤 9인승 럭셔리,4.0,184951.0,2.0,1.0,11.4,202.0,45.0,0.0,1.0,0.0,1399.0
663,기아 올 뉴 카니발 2.2 디젤 9인승 럭셔리,6.0,79065.0,2.0,1.0,11.5,202.0,45.0,0.0,1.0,0.0,1250.0
664,기아 그랜드 카니발 2.9 디젤 7인승 하이리무진 L290 고급형,4.0,209000.0,2.0,1.0,10.7,192.0,36.5,0.0,1.0,0.0,870.0
665,기아 카니발 4세대 2.2 디젤 9인승 시그니처,2.0,33424.0,2.0,1.0,13.1,202.0,45.0,0.0,1.0,0.0,3780.0
666,기아 더 뉴 카니발 2.2 디젤 9인승 프레스티지,4.0,73439.0,2.0,1.0,11.3,202.0,45.0,0.0,1.0,0.0,2100.0
668,기아 올 뉴 카니발  2.2 디젤 9인승 프레스티지,8.0,108934.0,2.0,1.0,11.5,202.0,45.0,0.0,4.0,0.0,1620.0
671,기아 카니발 4세대 2.2 디젤 9인승 프레스티지,1.0,53265.0,2.0,1.0,13.1,202.0,45.0,0.0,1.0,0.0,3170.0
673,기아 올 뉴 카니발 2.2 디젤 9인승 프레스티지,8.0,180686.0,2.0,1.0,11.5,202.0,45.0,0.0,6.0,0.0,1380.0
681,기아 카니발 4세대 2.2 디젤 9인승  프레스티지,1.0,15466.0,2.0,1.0,13.1,202.0,45.0,0.0,0.0,0.0,40.0
683,기아 올 뉴 카니발 2.2 디젤 9인승 하이리무진 노블레스,5.0,136214.0,2.0,1.0,10.3,202.0,45.0,0.0,2.0,0.0,2280.0
684,기아 더 뉴 카니발 2.2 디젤 9인승  럭셔리,3.0,59686.0,2.0,1.0,11.4,202.0,45.0,0.0,0.0,0.0,1690.0
685,기아 더 뉴 카니발 2.2 디젤 9인승 하이리무진 노블레스 스페셜,4.0,63324.0,2.0,1.0,10.3,202.0,45.0,0.0,0.0,0.0,3280.0
686,기아 더 뉴 카니발 2.2 디젤 9인승 하이리무진 노블레스 스페셜,3.0,80757.0,2.0,1.0,10.3,202.0,45.0,0.0,2.0,0.0,3199.0
687,기아 올 뉴 카니발 2.2 디젤 9인승 하이리무진 노블레스,7.0,128659.0,2.0,1.0,10.3,202.0,45.0,0.0,9.0,0.0,2229.0
689,기아 올 뉴 카니발 2.2 디젤 9인승 하이리무진  프레스티지,8.0,108000.0,2.0,1.0,10.3,202.0,45.0,0.0,2.0,0.0,2030.0
692,기아 카니발 4세대 2.2 디젤 9인승 시그니처,1.0,42174.0,2.0,1.0,13.1,202.0,45.0,0.0,1.0,0.0,250.0
693,기아 더 뉴 카니발 2.2 디젤 9인승  노블레스 스페셜,4.0,119275.0,2.0,1.0,11.3,202.0,45.0,0.0,0.0,0.0,2310.0
695,기아 카니발 4세대 2.2 디젤 9인승 시그니처,2.0,51000.0,2.0,1.0,13.1,202.0,45.0,0.0,2.0,0.0,3600.0
696,기아 카니발 4세대 2.2 디젤 9인승 노블레스,2.0,22100.0,2.0,1.0,13.1,202.0,45.0,0.0,1.0,0.0,3350.0
697,기아 더 뉴 카니발 2.2 디젤 11인승 디럭스,4.0,67000.0,2.0,1.0,11.3,202.0,45.0,0.0,1.0,0.0,500.0
699,기아 올 뉴 카니발  2.2 디젤 9인승 노블레스   ,6.0,132000.0,2.0,1.0,11.2,202.0,45.0,0.0,0.0,0.0,2200.0
700,기아 그랜드 카니발 2.9 디젤 9인승 리무진  GLX,13.0,85000.0,2.0,1.0,10.3,192.0,36.5,0.0,4.0,0.0,1200.0
701,기아 올 뉴 카니발 2.2 디젤 9인승  노블레스 스페셜,5.0,64486.0,2.0,1.0,10.9,202.0,45.0,0.0,1.0,0.0,2390.0
702,기아 올 뉴 카니발 2.2 디젤 9인승 프레스티지,8.0,185599.0,2.0,1.0,11.5,202.0,45.0,0.0,8.0,0.0,970.0
704,기아 올 뉴 카니발 2.2 디젤 9인승 하이리무진  노블레스,5.0,105000.0,2.0,1.0,10.3,202.0,45.0,0.0,2.0,0.0,3300.0
707,기아 올 뉴 카니발  2.2 디젤 7인승 리무진 VIP   ,8.0,146840.0,2.0,1.0,11.2,202.0,45.0,0.0,2.0,0.0,1549.0
708,기아 올 뉴 카니발 2.2 디젤 9인승  노블레스,6.0,119000.0,2.0,1.0,11.2,202.0,45.0,0.0,0.0,0.0,1650.0
712,기아 더 뉴 카니발 2.2 디젤 9인승 프레스티지,3.0,58000.0,2.0,1.0,11.3,202.0,45.0,0.0,1.0,0.0,2550.0
713,기아 올 뉴 카니발  2.2 디젤 9인승 하이리무진 프레스티지   ,7.0,220158.0,2.0,1.0,10.3,202.0,45.0,0.0,0.0,0.0,1990.0
721,기아 더 뉴 봉고3  킹캡 초장축 L   ,1.0,17692.0,2.0,1.0,9.0,133.0,26.5,0.0,0.0,0.0,1790.0
740,기아 더 뉴 봉고3  킹캡 초장축 L   ,1.0,17692.0,2.0,1.0,9.0,133.0,26.5,0.0,0.0,0.0,1790.0
769,기아 더 뉴 봉고3 킹캡 초장축 GL,9.0,24.0,2.0,1.0,9.0,133.0,26.5,0.0,0.0,0.0,290.0
770,기아 더 뉴 봉고3 킹캡 초장축 L,9.0,5.0,2.0,1.0,9.0,133.0,26.5,0.0,0.0,0.0,300.0
771,기아 더 뉴 봉고3 킹캡 초장축 L,9.0,5.0,2.0,1.0,9.0,133.0,26.5,0.0,0.0,0.0,300.0
782,기아 더 뉴 봉고3 킹캡 초장축 L,2.0,19558.0,2.0,1.0,9.0,133.0,26.5,0.0,0.0,0.0,1750.0
798,기아 더 뉴 봉고3 킹캡  초장축 GL,1.0,7800.0,0.0,0.0,9.9,133.0,26.5,0.0,0.0,0.0,1540.0
799,기아 더 뉴 봉고3 표준캡 초장축 L,2.0,45713.0,2.0,1.0,9.0,133.0,26.5,0.0,3.0,0.0,1300.0
800,기아 더 뉴 봉고3 킹캡 초장축 GL,3.0,49175.0,2.0,1.0,9.0,133.0,26.5,0.0,1.0,0.0,1460.0
815,기아 K7 프리미어 2.5  X 에디션,3.0,46856.0,1.0,1.0,11.6,198.0,25.3,0.0,0.0,0.0,2660.0
816,기아 K7 프리미어 2.5 X 에디션,3.0,48779.0,1.0,1.0,11.6,198.0,25.3,0.0,2.0,0.0,2730.0
817,기아 K7 프리미어 2.5 X 에디션,3.0,24733.0,1.0,1.0,11.6,198.0,25.3,0.0,0.0,0.0,2950.0
818,기아 올 뉴 K7 하이브리드 2.4 HEV 노블레스,4.0,74581.0,1.0,1.0,16.2,199.0,26.7,0.0,1.0,0.0,2270.0
819,기아 올 뉴 K7 하이브리드 2.4 HEV  노블레스,6.0,61960.0,1.0,1.0,16.2,199.0,26.7,0.0,5.0,0.0,2199.0
820,기아 올 뉴 K7 2.2 디젤  리미티드,5.0,46361.0,2.0,1.0,14.3,202.0,45.0,0.0,9.0,0.0,1949.0
821,기아 K7 프리미어 하이브리드 2.4 HEV 시그니처,3.0,51151.0,1.0,1.0,16.2,199.0,26.7,0.0,0.0,0.0,3349.0
822,기아 K7 프리미어 하이브리드 2.4 HEV  시그니처,3.0,48869.0,1.0,1.0,16.2,199.0,26.7,0.0,1.0,0.0,3650.0
823,기아 K7 프리미어 하이브리드 2.4 HEV 시그니처,3.0,67120.0,1.0,1.0,16.2,199.0,26.7,0.0,0.0,0.0,2890.0
825,기아 K7 프리미어 2.5  노블레스,3.0,46277.0,1.0,1.0,11.6,198.0,25.3,0.0,0.0,0.0,2750.0
826,기아 더 뉴 K7 3.0 LPi 럭셔리,10.0,230000.0,0.0,1.0,8.2,235.0,28.6,0.0,3.0,0.0,450.0
827,기아 더 뉴 K7 2.4 프레스티지,9.0,146381.0,1.0,1.0,11.3,201.0,25.5,0.0,7.0,0.0,550.0
828,기아 더 뉴 K7 3.0 LPi  럭셔리,10.0,150000.0,0.0,1.0,8.2,235.0,28.6,0.0,6.0,0.0,850.0
829,기아 더 뉴 K7 3.0 LPi  프레스티지,10.0,201094.0,0.0,1.0,8.2,235.0,28.6,0.0,8.0,0.0,550.0
830,기아 K7 프리미어 하이브리드 2.4 HEV  프레스티지,3.0,49148.0,1.0,1.0,16.2,199.0,26.7,0.0,2.0,0.0,2870.0
831,기아 올 뉴 K7 하이브리드 2.4 HEV  프레스티지,4.0,90790.0,1.0,1.0,16.2,199.0,26.7,0.0,2.0,0.0,2130.0
832,기아 올 뉴 K7 2.4  프레스티지,6.0,110314.0,1.0,1.0,11.0,190.0,24.6,0.0,0.0,0.0,1599.0
835,기아 K7 프리미어 2.5  X 에디션,3.0,46856.0,1.0,1.0,11.6,198.0,25.3,0.0,0.0,0.0,2660.0
836,기아 K7 프리미어 2.5 X 에디션,3.0,48779.0,1.0,1.0,11.6,198.0,25.3,0.0,2.0,0.0,2730.0
837,기아 K7 프리미어 2.5 X 에디션,3.0,24733.0,1.0,1.0,11.6,198.0,25.3,0.0,0.0,0.0,2950.0
838,기아 올 뉴 K7 하이브리드 2.4 HEV 노블레스,4.0,74581.0,1.0,1.0,16.2,199.0,26.7,0.0,1.0,0.0,2270.0
839,기아 올 뉴 K7 하이브리드 2.4 HEV  노블레스,6.0,61960.0,1.0,1.0,16.2,199.0,26.7,0.0,5.0,0.0,2199.0
840,기아 올 뉴 K7 2.2 디젤  리미티드,5.0,46361.0,2.0,1.0,14.3,202.0,45.0,0.0,9.0,0.0,1949.0
841,기아 K7 프리미어 하이브리드 2.4 HEV 시그니처,3.0,51151.0,1.0,1.0,16.2,199.0,26.7,0.0,0.0,0.0,3349.0
842,기아 K7 프리미어 하이브리드 2.4 HEV  시그니처,3.0,48869.0,1.0,1.0,16.2,199.0,26.7,0.0,1.0,0.0,3650.0
843,기아 K7 프리미어 하이브리드 2.4 HEV 시그니처,3.0,67120.0,1.0,1.0,16.2,199.0,26.7,0.0,0.0,0.0,2890.0
845,기아 K7 프리미어 2.5  노블레스,3.0,46277.0,1.0,1.0,11.6,198.0,25.3,0.0,0.0,0.0,2750.0
846,기아 더 뉴 K7 3.0 LPi 럭셔리,10.0,230000.0,0.0,1.0,8.2,235.0,28.6,0.0,3.0,0.0,450.0
847,기아 더 뉴 K7 2.4 프레스티지,9.0,146381.0,1.0,1.0,11.3,201.0,25.5,0.0,7.0,0.0,550.0
848,기아 더 뉴 K7 3.0 LPi  럭셔리,10.0,150000.0,0.0,1.0,8.2,235.0,28.6,0.0,6.0,0.0,850.0
849,기아 더 뉴 K7 3.0 LPi  프레스티지,10.0,201094.0,0.0,1.0,8.2,235.0,28.6,0.0,8.0,0.0,550.0
850,기아 K7 프리미어 하이브리드 2.4 HEV  프레스티지,3.0,49148.0,1.0,1.0,16.2,199.0,26.7,0.0,2.0,0.0,2870.0
851,기아 올 뉴 K7 하이브리드 2.4 HEV  프레스티지,4.0,90790.0,1.0,1.0,16.2,199.0,26.7,0.0,2.0,0.0,2130.0
852,기아 올 뉴 K7 2.4  프레스티지,6.0,110314.0,1.0,1.0,11.0,190.0,24.6,0.0,0.0,0.0,1599.0
857,기아 더 뉴 K7 2.4 프레스티지 스페셜,9.0,160066.0,1.0,1.0,11.3,201.0,25.5,0.0,2.0,0.0,599.0
858,기아 올 뉴 K7 2.4 프레스티지,5.0,110052.0,1.0,1.0,11.0,190.0,24.6,0.0,2.0,0.0,1390.0
859,기아 올 뉴 K7 2.4  리미티드,5.0,131020.0,1.0,1.0,11.0,190.0,24.6,0.0,2.0,0.0,1360.0
860,기아 더 프레스티지 K7 2.4 프레스티지,10.0,158892.0,1.0,1.0,12.8,201.0,25.5,0.0,5.0,0.0,590.0
862,기아 K7 프리미어 3.0 LPi  트렌디,3.0,112229.0,0.0,1.0,7.6,235.0,28.6,0.0,1.0,0.0,1560.0
863,기아 올 뉴 K7 2.4  프레스티지,7.0,172760.0,1.0,1.0,11.1,190.0,24.6,0.0,2.0,0.0,999.0
864,기아 올 뉴 K7 2.4  리미티드,5.0,78303.0,1.0,1.0,11.0,190.0,24.6,0.0,2.0,0.0,1850.0
866,기아 더 뉴 K7 2.4 프레스티지 스페셜,9.0,128768.0,1.0,1.0,11.3,201.0,25.5,0.0,5.0,0.0,690.0
868,기아 더 뉴 K7 2.4 프레스티지 스페셜,10.0,131779.0,1.0,1.0,11.3,201.0,25.5,0.0,9.0,0.0,799.0
869,기아 K7 프리미어 3.0 LPi  트렌디,3.0,76928.0,0.0,1.0,7.3,235.0,28.6,0.0,3.0,0.0,1899.0
870,기아 더 뉴 K7 3.0 LPi 럭셔리,9.0,184398.0,0.0,1.0,8.2,235.0,28.6,0.0,6.0,0.0,550.0
871,기아 올 뉴 K7 2.2 디젤  프레스티지,6.0,138803.0,2.0,1.0,14.3,202.0,45.0,0.0,4.0,0.0,1375.0
872,기아 올 뉴 K7 2.2 디젤 프레스티지,7.0,102863.0,2.0,1.0,14.3,202.0,45.0,0.0,4.0,0.0,1650.0
873,기아 K7 프리미어 2.5 노블레스,3.0,81273.0,1.0,1.0,11.6,198.0,25.3,0.0,2.0,0.0,2320.0
874,기아 더 뉴 K7 2.4  프레스티지 스페셜,9.0,125547.0,1.0,1.0,11.3,201.0,25.5,0.0,2.0,0.0,999.0
876,기아 K7 VG270 LPI 프레스티지 프리미엄,12.0,187000.0,0.0,1.0,8.6,165.0,25.0,0.0,6.0,0.0,690.0
877,기아 올 뉴 K7 3.0 LPi  럭셔리,5.0,96694.0,0.0,1.0,7.4,235.0,28.6,0.0,4.0,0.0,1190.0
879,기아 더 프레스티지 K7 2.4 럭셔리,12.0,173000.0,1.0,1.0,12.8,201.0,25.5,0.0,0.0,0.0,300.0
880,기아 K7  2.7 프레스티지 프리미엄   ,13.0,134000.0,1.0,1.0,11.0,200.0,26.0,0.0,0.0,0.0,730.0
883,기아 K7 프리미어 2.5 노블레스,3.0,37637.0,1.0,1.0,11.6,198.0,25.3,0.0,2.0,0.0,2370.0
884,기아 더 뉴 K7 2.4 프레스티지,9.0,134699.0,1.0,1.0,11.3,201.0,25.5,0.0,5.0,0.0,650.0
885,기아 올 뉴 K7 2.4 프레스티지,5.0,92265.0,1.0,1.0,11.0,190.0,24.6,0.0,4.0,0.0,1330.0
886,기아 K7 프리미어 2.5  X 에디션,2.0,33168.0,1.0,1.0,11.6,198.0,25.3,0.0,2.0,0.0,2399.0
887,기아 올 뉴 K7 2.4 리미티드,5.0,44044.0,1.0,1.0,11.0,190.0,24.6,0.0,0.0,0.0,1950.0
889,기아 K7 2.7  럭셔리,12.0,199086.0,1.0,1.0,11.0,200.0,26.0,0.0,10.0,0.0,380.0
890,기아 K7 프리미어 2.5  노블레스,3.0,33000.0,1.0,1.0,11.6,198.0,25.3,0.0,0.0,0.0,3000.0
894,기아 레이 1.0 터보  프레스티지,8.0,102564.0,1.0,1.0,13.2,106.0,14.0,0.0,1.0,0.0,790.0
895,기아 레이 1.0 터보 ,10.0,123087.0,1.0,1.0,13.9,106.0,14.0,0.0,4.0,0.0,790.0
897,기아 레이 1.0 터보 ,9.0,105658.0,1.0,1.0,13.9,106.0,14.0,0.0,3.0,0.0,930.0
914,기아 레이 1.0 터보  프레스티지,8.0,102564.0,1.0,1.0,13.2,106.0,14.0,0.0,1.0,0.0,790.0
915,기아 레이 1.0 터보 ,10.0,123087.0,1.0,1.0,13.9,106.0,14.0,0.0,4.0,0.0,790.0
917,기아 레이 1.0 터보 ,9.0,105658.0,1.0,1.0,13.9,106.0,14.0,0.0,3.0,0.0,930.0
1008,기아 쏘렌토R 2.2 디젤 2WD TLX 최고급형,13.0,133060.0,2.0,1.0,14.1,200.0,44.5,0.0,5.0,0.0,470.0
1009,기아 쏘렌토 4세대 하이브리드 1.6 터보 HEV 4WD 시그니처,2.0,18627.0,1.0,1.0,15.3,230.0,35.7,1.0,1.0,0.0,4050.0
1010,기아 쏘렌토 4세대 하이브리드 1.6 터보 HEV 4WD 그래비티,2.0,38762.0,1.0,1.0,13.2,230.0,35.7,1.0,1.0,0.0,4150.0
1011,기아 쏘렌토 4세대 하이브리드 1.6 터보 HEV 2WD  노블레스,1.0,19296.0,1.0,1.0,15.3,230.0,35.7,0.0,1.0,0.0,3980.0
1012,기아 쏘렌토 4세대 하이브리드 1.6 터보 HEV 2WD  프레스티지,2.0,9248.0,1.0,1.0,15.3,230.0,35.7,0.0,0.0,0.0,3730.0
1013,기아 더 뉴 쏘렌토 2.0 디젤 2WD 마스터,3.0,75549.0,2.0,1.0,13.1,186.0,41.0,0.0,3.0,0.0,2350.0
1014,기아 쏘렌토 4세대 하이브리드 1.6 터보 HEV 2WD  노블레스,2.0,42541.0,1.0,1.0,15.3,230.0,35.7,0.0,0.0,0.0,3800.0
1015,기아 쏘렌토 4세대 하이브리드 1.6 터보 HEV 4WD  그래비티,2.0,41308.0,1.0,1.0,13.2,230.0,35.7,1.0,0.0,0.0,4290.0
1016,기아 쏘렌토 2.5 디젤 4WD 리미티드,19.0,240000.0,2.0,1.0,10.1,145.0,33.0,1.0,7.0,0.0,140.0
1017,기아 올 뉴 쏘렌토 2.0 디젤 2WD  프레스티지,7.0,53000.0,2.0,1.0,13.5,186.0,41.0,0.0,4.0,0.0,1700.0
1018,기아 쏘렌토R 2.0 디젤 2WD  리미티드 프리미엄,12.0,172574.0,2.0,1.0,15.0,184.0,40.0,0.0,7.0,0.0,690.0
1019,기아 더 뉴 쏘렌토 2.2 디젤 2WD  노블레스,1.0,23571.0,2.0,1.0,13.6,202.0,45.0,0.0,1.0,0.0,3400.0
1020,기아 올 뉴 쏘렌토 2.0 디젤 2WD 럭셔리,8.0,72350.0,2.0,1.0,13.5,186.0,41.0,0.0,2.0,0.0,1399.0
1021,기아 뉴 쏘렌토R 2.0 디젤 2WD TLX,10.0,62204.0,2.0,1.0,14.4,184.0,41.0,0.0,5.0,0.0,1160.0
1022,기아 쏘렌토R 2.0 디젤 2WD TLX 최고급형,11.0,30581.0,2.0,1.0,15.0,184.0,40.0,0.0,5.0,0.0,960.0
1024,기아 쏘렌토 4세대 하이브리드 1.6 터보 HEV 4WD 프레스티지,1.0,22566.0,4.0,1.0,15.3,230.0,35.7,1.0,0.0,0.0,1000.0
1025,기아 더 뉴 쏘렌토 2.0 디젤 2WD 프레스티지,5.0,56684.0,2.0,1.0,13.1,186.0,41.0,0.0,1.0,0.0,1750.0
1026,기아 쏘렌토R 2.2 디젤 2WD TLX 최고급형,13.0,133060.0,2.0,1.0,14.1,200.0,44.5,0.0,5.0,0.0,470.0
1027,기아 쏘렌토 4세대 하이브리드 1.6 터보 HEV 4WD 시그니처,2.0,18627.0,1.0,1.0,15.3,230.0,35.7,1.0,1.0,0.0,4050.0
1028,기아 쏘렌토 4세대 하이브리드 1.6 터보 HEV 4WD 그래비티,2.0,38762.0,1.0,1.0,13.2,230.0,35.7,1.0,1.0,0.0,4150.0
1029,기아 쏘렌토 4세대 하이브리드 1.6 터보 HEV 2WD  노블레스,1.0,19296.0,1.0,1.0,15.3,230.0,35.7,0.0,1.0,0.0,3980.0
1030,기아 쏘렌토 4세대 하이브리드 1.6 터보 HEV 2WD  프레스티지,2.0,9248.0,1.0,1.0,15.3,230.0,35.7,0.0,0.0,0.0,3730.0
1031,기아 더 뉴 쏘렌토 2.0 디젤 2WD 마스터,3.0,75549.0,2.0,1.0,13.1,186.0,41.0,0.0,3.0,0.0,2350.0
1032,기아 쏘렌토 4세대 하이브리드 1.6 터보 HEV 2WD  노블레스,2.0,42541.0,1.0,1.0,15.3,230.0,35.7,0.0,0.0,0.0,3800.0
1033,기아 쏘렌토 4세대 하이브리드 1.6 터보 HEV 4WD  그래비티,2.0,41308.0,1.0,1.0,13.2,230.0,35.7,1.0,0.0,0.0,4290.0
1034,기아 쏘렌토 2.5 디젤 4WD 리미티드,19.0,240000.0,2.0,1.0,10.1,145.0,33.0,1.0,7.0,0.0,140.0
1035,기아 올 뉴 쏘렌토 2.0 디젤 2WD  프레스티지,7.0,53000.0,2.0,1.0,13.5,186.0,41.0,0.0,4.0,0.0,1700.0
1036,기아 쏘렌토R 2.0 디젤 2WD  리미티드 프리미엄,12.0,172574.0,2.0,1.0,15.0,184.0,40.0,0.0,7.0,0.0,690.0
1037,기아 더 뉴 쏘렌토 2.2 디젤 2WD  노블레스,1.0,23571.0,2.0,1.0,13.6,202.0,45.0,0.0,1.0,0.0,3400.0
1038,기아 올 뉴 쏘렌토 2.0 디젤 2WD 럭셔리,8.0,72350.0,2.0,1.0,13.5,186.0,41.0,0.0,2.0,0.0,1399.0
1039,기아 뉴 쏘렌토R 2.0 디젤 2WD TLX,10.0,62204.0,2.0,1.0,14.4,184.0,41.0,0.0,5.0,0.0,1160.0
1040,기아 쏘렌토R 2.0 디젤 2WD TLX 최고급형,11.0,30581.0,2.0,1.0,15.0,184.0,40.0,0.0,5.0,0.0,960.0
1042,기아 쏘렌토 4세대 하이브리드 1.6 터보 HEV 4WD 프레스티지,1.0,22566.0,4.0,1.0,15.3,230.0,35.7,1.0,0.0,0.0,1000.0
1043,기아 더 뉴 쏘렌토 2.0 디젤 2WD 프레스티지,5.0,56684.0,2.0,1.0,13.1,186.0,41.0,0.0,1.0,0.0,1750.0
1044,기아 쏘렌토 4세대 하이브리드 1.6 터보 HEV 2WD  노블레스,2.0,33951.0,1.0,1.0,15.3,230.0,35.7,0.0,1.0,0.0,3799.0
1045,기아 올 뉴 쏘렌토 2.2 디젤 4WD 프레스티지,8.0,146482.0,2.0,1.0,12.0,202.0,45.0,1.0,5.0,0.0,1299.0
1046,기아 쏘렌토 4세대 하이브리드 1.6 터보 HEV 2WD 시그니처,2.0,22000.0,4.0,1.0,15.3,230.0,35.7,0.0,0.0,0.0,3830.0
1047,기아 올 뉴 쏘렌토 2.2 디젤 2WD  노블레스 스페셜,7.0,194000.0,2.0,1.0,12.4,202.0,45.0,0.0,1.0,0.0,1370.0
1048,기아 쏘렌토R 2.0 디젤 2WD TLX 프리미엄,13.0,114235.0,2.0,1.0,15.0,184.0,40.0,0.0,1.0,0.0,650.0
1049,기아 올 뉴 쏘렌토 2.0 디젤 2WD  노블레스 스페셜,7.0,67065.0,2.0,1.0,12.9,186.0,41.0,0.0,4.0,0.0,1290.0
1050,기아 쏘렌토R  2.2 디젤 2WD TLX 최고급형   ,13.0,126580.0,2.0,1.0,14.1,200.0,44.5,0.0,0.0,0.0,919.0
1051,기아 더 뉴 쏘렌토  2.0 디젤 2WD 프레스티지   ,4.0,75088.0,2.0,1.0,13.8,186.0,41.0,0.0,0.0,0.0,2469.0
1053,기아 더 뉴 쏘렌토 2.2 디젤 2WD 프레스티지,3.0,33500.0,2.0,1.0,13.6,202.0,45.0,0.0,0.0,0.0,2870.0
1054,기아 올 뉴 쏘렌토  2.0 디젤 2WD 노블레스 스페셜   ,7.0,143000.0,2.0,1.0,12.9,186.0,41.0,0.0,4.0,0.0,1599.0
1056,기아 더 뉴 쏘렌토 2.0 디젤 2WD 프레스티지,4.0,95000.0,2.0,1.0,13.8,186.0,41.0,0.0,2.0,0.0,1800.0
1057,기아 더 뉴 쏘렌토 2.0 디젤 2WD 프레스티지,5.0,145000.0,2.0,1.0,13.1,186.0,41.0,0.0,3.0,0.0,1700.0
1059,기아 쏘렌토 4세대 하이브리드 1.6 터보 HEV 2WD 그래비티,1.0,11000.0,1.0,1.0,14.3,230.0,35.7,0.0,0.0,0.0,835.0
1060,기아 더 뉴 쏘렌토 2.0 디젤 2WD 노블레스,5.0,73500.0,2.0,1.0,12.4,186.0,41.0,0.0,0.0,0.0,2050.0
1061,기아 더 뉴 쏘렌토 2.2 디젤 2WD 노블레스,3.0,41000.0,2.0,1.0,13.6,202.0,45.0,0.0,2.0,0.0,2200.0
1062,기아 쏘렌토 4세대 2.2 디젤 2WD 프레스티지,3.0,49000.0,2.0,1.0,14.3,202.0,45.0,0.0,3.0,0.0,2990.0
1063,기아 더 뉴 K5 2.0 트렌디,9.0,76940.0,1.0,1.0,11.9,172.0,20.5,0.0,7.0,0.0,600.0
1064,기아 K5 2.0 LPi 시그니처,3.0,21361.0,0.0,1.0,9.8,146.0,19.5,0.0,0.0,0.0,2530.0
1065,기아 K5 2.0 LPi 시그니처,3.0,46214.0,0.0,1.0,9.8,146.0,19.5,0.0,0.0,0.0,2460.0
1068,기아 K5  2.0 디럭스   ,10.0,78893.0,1.0,1.0,11.9,172.0,20.5,0.0,0.0,0.0,899.0
1069,기아 K5 1.6 터보 시그니처,3.0,17000.0,1.0,1.0,13.2,180.0,27.0,0.0,0.0,0.0,2980.0
1070,기아 K5 2.0 노블레스,2.0,26613.0,1.0,1.0,13.0,160.0,20.0,0.0,2.0,0.0,2600.0
1071,기아 더 뉴 K5  2.0 LPi  럭셔리,4.0,130425.0,0.0,1.0,9.4,151.0,19.8,0.0,1.0,0.0,1099.0
1072,기아 K5 2.0  트렌디,3.0,90286.0,1.0,1.0,13.0,160.0,20.0,0.0,0.0,0.0,1560.0
1073,기아 더 뉴 K5 2.0  프레스티지,4.0,103195.0,1.0,1.0,12.1,163.0,20.0,0.0,2.0,0.0,1260.0
1074,기아 더 뉴 K5 2.0 럭셔리,8.0,105897.0,1.0,1.0,11.9,172.0,20.5,0.0,0.0,0.0,699.0
1075,기아 더 뉴 K5 2.0 LPi  디럭스,8.0,86000.0,0.0,1.0,9.3,155.0,19.8,0.0,3.0,0.0,450.0
1076,기아 K5 2.4 프레스티지,12.0,143667.0,1.0,1.0,13.0,201.0,25.5,0.0,4.0,0.0,630.0
1077,기아 K5 하이브리드 2세대 2.0 HEV 노블레스 스페셜,4.0,49500.0,1.0,1.0,17.0,191.0,27.0,0.0,3.0,0.0,2250.0
1078,기아 K5 2.0 프레스티지,12.0,161755.0,1.0,1.0,13.0,165.0,20.2,0.0,4.0,0.0,460.0
1079,기아 K5 하이브리드 2세대 2.0 HEV 프레스티지,6.0,83723.0,1.0,1.0,17.5,191.0,27.0,0.0,2.0,0.0,1690.0
1082,기아 K5 2세대 2.0 MX 럭셔리,7.0,75235.0,1.0,1.0,12.6,168.0,20.5,0.0,7.0,0.0,799.0
1083,기아 더 뉴 K5 2.0 트렌디,9.0,76940.0,1.0,1.0,11.9,172.0,20.5,0.0,7.0,0.0,600.0
1084,기아 K5 2.0 LPi 시그니처,3.0,21361.0,0.0,1.0,9.8,146.0,19.5,0.0,0.0,0.0,2530.0
1085,기아 K5 2.0 LPi 시그니처,3.0,46214.0,0.0,1.0,9.8,146.0,19.5,0.0,0.0,0.0,2460.0
1088,기아 K5  2.0 디럭스   ,10.0,78893.0,1.0,1.0,11.9,172.0,20.5,0.0,0.0,0.0,899.0
1089,기아 K5 1.6 터보 시그니처,3.0,17000.0,1.0,1.0,13.2,180.0,27.0,0.0,0.0,0.0,2980.0
1090,기아 K5 2.0 노블레스,2.0,26613.0,1.0,1.0,13.0,160.0,20.0,0.0,2.0,0.0,2600.0
1091,기아 더 뉴 K5  2.0 LPi  럭셔리,4.0,130425.0,0.0,1.0,9.4,151.0,19.8,0.0,1.0,0.0,1099.0
1092,기아 K5 2.0  트렌디,3.0,90286.0,1.0,1.0,13.0,160.0,20.0,0.0,0.0,0.0,1560.0
1093,기아 더 뉴 K5 2.0  프레스티지,4.0,103195.0,1.0,1.0,12.1,163.0,20.0,0.0,2.0,0.0,1260.0
1094,기아 더 뉴 K5 2.0 럭셔리,8.0,105897.0,1.0,1.0,11.9,172.0,20.5,0.0,0.0,0.0,699.0
1095,기아 더 뉴 K5 2.0 LPi  디럭스,8.0,86000.0,0.0,1.0,9.3,155.0,19.8,0.0,3.0,0.0,450.0
1096,기아 K5 2.4 프레스티지,12.0,143667.0,1.0,1.0,13.0,201.0,25.5,0.0,4.0,0.0,630.0
1097,기아 K5 하이브리드 2세대 2.0 HEV 노블레스 스페셜,4.0,49500.0,1.0,1.0,17.0,191.0,27.0,0.0,3.0,0.0,2250.0
1098,기아 K5 2.0 프레스티지,12.0,161755.0,1.0,1.0,13.0,165.0,20.2,0.0,4.0,0.0,460.0
1099,기아 K5 하이브리드 2세대 2.0 HEV 프레스티지,6.0,83723.0,1.0,1.0,17.5,191.0,27.0,0.0,2.0,0.0,1690.0
1102,기아 K5 2세대 2.0 MX 럭셔리,7.0,75235.0,1.0,1.0,12.6,168.0,20.5,0.0,7.0,0.0,799.0
